{
    "5868267280": {
        "user_id": "5868267280",
        "username": "Mai177",
        "active": true,
        "expire_date": "2026-08-08",
        "balance": 0
    },
    "5969205302": {
        "user_id": "5969205302",
        "username": "Ngophuoclee",
        "active": true,
        "expire_date": "2026-08-08",
        "balance": 0
    },
    "5934430916": {
        "user_id": "5934430916",
        "username": "qthai1508",
        "active": true,
        "expire_date": "2026-08-08",
        "balance": 0
    },
    "7947082626": {
        "user_id": "7947082626",
        "username": "Gbaoctii",
        "active": true,
        "expire_date": "2026-08-08",
        "balance": 0
    }
}